,mean,var
value,4.9480691905299454e-09,60390.34854295953
