,mean,var,factor
value,5370.573816155988,90841.17362448008,1000000000.0
