,mean,var,factor
value,976.122858594206,16558.93738199964,1000000000.0
