,mean,var,factor
value,5370.573816155988,337.82851880230834,1000000000.0
